{"cameraMode":{"drawMode":0,"name":"Shaded","section":"Shading Mode"},"sceneLighting":true,"audioPlay":false,"sceneViewState":{"showFog":true,"showMaterialUpdate":true,"showSkybox":true,"showFlares":true,"showImageEffects":true,"showParticleSystems":true},"in2DMode":false,"pivot":{"x":1106.6417236328125,"y":343.72698974609377,"z":-271.9767761230469},"rotation":{"x":-0.133462592959404,"y":0.5837029218673706,"z":-0.09799239039421082,"w":-0.7949064373970032},"size":5.385504722595215,"orthographic":false}