{"cameraMode":{"drawMode":0,"name":"Shaded","section":"Shading Mode"},"sceneLighting":true,"audioPlay":false,"sceneViewState":{"showFog":false,"showMaterialUpdate":true,"showSkybox":true,"showFlares":true,"showImageEffects":true,"showParticleSystems":true},"in2DMode":false,"pivot":{"x":33.79886245727539,"y":20.41853141784668,"z":142.3142852783203},"rotation":{"x":0.01609286665916443,"y":0.9837925434112549,"z":-0.13342255353927613,"w":0.11870895326137543},"size":22.0,"orthographic":false}