{"cameraMode":{"drawMode":0,"name":"Shaded","section":"Shading Mode"},"sceneLighting":true,"audioPlay":false,"sceneViewState":{"showFog":false,"showMaterialUpdate":true,"showSkybox":true,"showFlares":true,"showImageEffects":true,"showParticleSystems":true},"in2DMode":false,"pivot":{"x":107.01726531982422,"y":-104.58631896972656,"z":-12.717095375061036},"rotation":{"x":0.22214965522289277,"y":0.723986804485321,"z":-0.2706126570701599,"w":0.5943581461906433},"size":293.0018615722656,"orthographic":false}