{"cameraMode":{"drawMode":0,"name":"Shaded","section":"Shading Mode"},"sceneLighting":true,"audioPlay":false,"sceneViewState":{"showFog":true,"showMaterialUpdate":false,"showSkybox":true,"showFlares":true,"showImageEffects":true,"showParticleSystems":true},"in2DMode":false,"pivot":{"x":-0.51787269115448,"y":0.8582158088684082,"z":2.077260971069336},"rotation":{"x":-0.07512011379003525,"y":0.05590938404202461,"z":-0.004218069836497307,"w":-0.9955970048904419},"size":12.093280792236329,"orthographic":false}