{"cameraMode":{"drawMode":0,"name":"Shaded","section":"Shading Mode"},"sceneLighting":true,"audioPlay":false,"sceneViewState":{"showFog":true,"showMaterialUpdate":false,"showSkybox":true,"showFlares":true,"showImageEffects":true,"showParticleSystems":true},"in2DMode":false,"pivot":{"x":-0.0001559518277645111,"y":0.010082622990012169,"z":-0.0007467456161975861},"rotation":{"x":-0.2320859581232071,"y":0.02684072032570839,"z":-0.006406706757843494,"w":-0.9723038077354431},"size":5.466650009155273,"orthographic":false}