{"cameraMode":{"drawMode":0,"name":"Shaded","section":"Shading Mode"},"sceneLighting":true,"audioPlay":false,"sceneViewState":{"showFog":false,"showMaterialUpdate":true,"showSkybox":true,"showFlares":true,"showImageEffects":true,"showParticleSystems":true},"in2DMode":false,"pivot":{"x":107.58875274658203,"y":-497.9286804199219,"z":-539.1914672851563},"rotation":{"x":0.039800334721803668,"y":0.92979496717453,"z":-0.35033920407295229,"w":0.10563936829566956},"size":852.36572265625,"orthographic":false}