{"cameraMode":{"drawMode":0,"name":"Shaded","section":"Shading Mode"},"sceneLighting":true,"audioPlay":false,"sceneViewState":{"showFog":false,"showMaterialUpdate":true,"showSkybox":true,"showFlares":true,"showImageEffects":true,"showParticleSystems":true},"in2DMode":false,"pivot":{"x":-10.316362380981446,"y":1.8191423416137696,"z":-33.290061950683597},"rotation":{"x":-0.10499194264411926,"y":-0.21822763979434968,"z":0.023627974092960359,"w":-0.9699459671974182},"size":25.283740997314454,"orthographic":false}